Title,Singer,Price,Purchase
Alcohol Free,TWICE,RM12,https://www.mymusicsheet.com/alvinleenhpiano/38530
溯 Reverse,CORSAK & 馬吟吟,RM12,https://www.mymusicsheet.com/alvinleenhpiano/46453
幻昼Illusionary Daytime,Shirfine,RM12,https://www.mymusicsheet.com/alvinleenhpiano/47541
不为谁而作的歌,林俊杰,RM12,https://www.mymusicsheet.com/alvinleenhpiano/45954
所念皆星河,房东的猫,RM12,https://www.mymusicsheet.com/alvinleenhpiano/45395
出山,花粥 & 王勝男,RM12,https://www.mymusicsheet.com/alvinleenhpiano/46450
国王与乞丐,华晨宇,RM12,https://www.mymusicsheet.com/alvinleenhpiano/44372
Betty Boop,Charlie Puth,RM12,https://www.mymusicsheet.com/alvinleenhpiano/44745
雾里,姚六一,RM12,https://www.mymusicsheet.com/alvinleenhpiano/44743
错都错了,赵乃吉,RM12,https://www.mymusicsheet.com/alvinleenhpiano/45396
白鸽,你的上好佳,RM12,https://www.mymusicsheet.com/alvinleenhpiano/44742
听我说谢谢你,李昕融,RM12,https://www.mymusicsheet.com/alvinleenhpiano/37217
回家的车票,八度空间 2019,RM12,https://www.mymusicsheet.com/alvinleenhpiano/37284
富士山下,陈奕迅,RM12,https://www.mymusicsheet.com/alvinleenhpiano/37285
Couple,Sechskies,RM12,https://www.mymusicsheet.com/alvinleenhpiano/37283
